{
	"pages": [ //pages数组中第一项表示应用启动页，参考：https://uniapp.dcloud.io/collocation/pages
		{
			"path": "pages/index/index",
			"style": {
				"navigationBarTitleText": "首页",
				 "enablePullDownRefresh": true
			}
		}            
        ,
		{
			"path" : "pages/cinema/cinema",
			"style" :                                                                                    
			{
			    "navigationBarTitleText": "影院",
			    "enablePullDownRefresh": false
			}
		}
        ,{
            "path" : "pages/find/find",
            "style" :                                                                                    
            {
                "navigationBarTitleText": "发现",
                "enablePullDownRefresh": true
            }
            
        }
        ,{
            "path" : "pages/ucenter/ucenter",
            "style" :                                                                                    
            {
                "navigationBarTitleText": "个人中心",
                "enablePullDownRefresh": false
            }    
        }
    ],
	"subPackages":[
		{
			"root":"pagesA",
			"pages":[
				
			{
                    "path" : "cate/cate",
                    "style" :                                                                                    
                {
                    "navigationBarTitleText": "类别",
                    "enablePullDownRefresh": false
                }
                
                }
            ]
		},{
			"root":"pagesB",
			"pages":[
				
			{
                    "path" : "detail/detail",
                    "style" :                                                                                    
                {
					"navigationBarTitleText": "详情",
					"enablePullDownRefresh": false,
					"navigationBarTextStyle": "black",
					"navigationStyle": "default"
                }
                
                }
                ,{
                    "path" : "search/search",
                    "style" :                                                                                    
                {
                    "navigationBarTitleText": "搜索",
                    "enablePullDownRefresh": true
                }
                
                }
                ,{
                    "path" : "login/login",
                    "style" :                                                                                    
                {
                    "navigationBarTitleText": "登陆",
                    "enablePullDownRefresh": false
                }
                
                }
                ,{
                    "path" : "register/register",
                    "style" :                                                                                    
                {
                    "navigationBarTitleText": "注册",
                    "enablePullDownRefresh": false
                }
                
                }
                ,{
                    "path" : "setUser/setUser",
                    "style" :                                                                                    
                {
                    "navigationBarTitleText": "",
                    "enablePullDownRefresh": false
                }
                
                }
                ,{
                    "path" : "ticket/ticket",
                    "style" :                                                                                    
                {
                    "navigationBarTitleText": "选择",
                    "enablePullDownRefresh": false
                }
                
                }
                ,{
                    "path" : "buyMovies/buyMovies",
                    "style" :                                                                                    
                {
                    "navigationBarTitleText": "购票",
                    "enablePullDownRefresh": false
                }
                
                }
                ,{
                    "path" : "onceOrder/onceOrder",
                    "style" :                                                                                    
                {
                    "navigationBarTitleText": "订单",
                    "enablePullDownRefresh": false
                }
                
                }
                ,{
                    "path" : "AllOrder/AllOrder",
                    "style" :                                                                                    
                {
                    "navigationBarTitleText": "",
                    "enablePullDownRefresh": false
                }
                
                }
                ,{
                    "path" : "cinemaMovieSession/cinemaMovieSession",
                    "style" :                                                                                    
                {
                    "navigationBarTitleText": "",
                    "enablePullDownRefresh": false
                }
                
                }
                ,{
                    "path" : "userWantLook/userWantLook",
                    "style" :                                                                                    
                {
                    "navigationBarTitleText": "",
                    "enablePullDownRefresh": false
                }
                
                }
            ]
		}
	],
	
	"preloadRule":{
		"pageB/detail/detail":{
			"network": "wifi",
			"packages":["__APP__"]
		}
	},
	
	"globalStyle": {
		"navigationBarTextStyle": "black",
		"navigationBarTitleText": "蜗牛看电影",
		"navigationBarBackgroundColor": "#F8F8F8",
		"backgroundColor": "#F8F8F8"
	},
	"tabBar": {
		"selectedColor": "#ffcc00",
		"backgroundColor": "#fbfbfb",
		"list": [
			{
				"pagePath": "pages/index/index",
				"text": "电影",
				"iconPath": "static/images/house.png",
				"selectedIconPath": "static/images/houseYellow-active.png"
			},
			{
				"pagePath": "pages/cinema/cinema",
				"text": "影院",
				"iconPath": "static/images/movie.png",
				"selectedIconPath": "static/images/movieYellow-active.png"
			},
			{
				"pagePath": "pages/find/find",
				"text": "发现",
				"iconPath": "static/images/top.png",
				"selectedIconPath": "static/images/topYellow-active.png"
			},
			{
				"pagePath": "pages/ucenter/ucenter",
				"text": "我的",
				"iconPath": "static/images/user.png",
				"selectedIconPath": "static/images/userYellow-active.png"
			}
		]
	},
	"uniIdRouter": {}
}
